0,1
1.5220515079460606,-0.31693152914397194
2.2348425185122833,0.6889229986162625
0.14180215934004642,-1.248751969723416
1.3509763542749873,0.245577056920128
0.6568324795092517,-0.680326330478461
1.2984982522089885,-0.4819392054812016
-0.19444101178636028,-1.6521403694214698
1.8556719655853882,0.6686166815834117
1.0854216090500055,-0.29436179872384155
1.078672747450011,-0.33810731083946755
1.3280238477994066,-0.6259251899102739
1.8415698063357746,0.12179485545770413
0.7798249232438679,-0.6429674285209348
0.9495570797329379,-0.3008380621469418
0.27550865474602393,0.11298100799497607
1.1867917180747352,-0.3314082181037904
0.7733824983176752,-0.7118806739997074
1.598503288624779,0.24036946353068128
0.0191602408472975,-1.8351994664571922
1.0251360242098757,-0.13177851079341646
-0.6595754926293987,-8.173302247728348
1.1120230246827771,-0.19939205287532255
1.9158859270893982,0.05077496537756761
3.2066380372520222,1.1268909383608559
0.816432950127425,0.34897035834310475
1.5557273827401426,0.9615457906828009
-0.0935484656580635,-2.0937975969895266
1.2174671930085585,-0.6199181196997404
0.14021636588469938,-1.6478072093861984
-0.35362579915701225,-1.4201546195928976
1.0505662867868115,0.05001680520492111
0.544234886039883,-0.8206740574272179
0.42875628588882175,-0.5738141522039782
1.163934657427175,-0.34199246137356815
0.5011483130100476,-0.28597393945627586
0.8822054607310169,-0.5774131818208355
1.1522639082811001,-0.13542740214816879
1.2412889864931993,-0.33057768293291717
1.154707430432087,-0.4272442623314623
0.9312847129185393,-0.40761192366690663
0.6493663790483427,-1.2819172955609792
1.7228972893873407,0.35490832371942643
-0.3670100168364212,-2.732003669287241
0.9846501386444881,-0.05123377984571995
0.8533519980136934,-0.6075869278908963
2.1946373203648855,-0.3361500623786653
1.6959241721660072,-0.6908509262460996
1.1627091477312606,-1.5365917599040975
0.45751702866286126,-1.6334430421077695
1.1389165555911869,-0.5733137503232089
1.1523147064152628,-1.039207358442893
0.23131342757218698,-2.362032836443685
1.3147397490471875,-0.716709629564962
0.7081524376294649,-0.9818692408489399
0.8971061708130953,-0.725113845184821
0.4612337542842557,0.6975872496175728
1.4955720793032738,-0.014130014752885924
0.06071726832791675,-1.2009848455576133
0.803846433432079,-1.557890734345879
0.8157151507886166,-0.35793161139746277
1.1091204488707116,-0.5682338386796523
0.9857480142039485,-0.011169893878937315
1.1985664393447701,-1.1813751778270132
1.1178580518870058,-0.2513164951883275
0.7049864152916385,-0.7721386671845941
0.8901857221626488,-0.53063969435148
1.6251915780060524,-0.1630019122076615
0.58378484388798,1.0047499821007806
1.6330980172082086,0.07281451851459382
0.3497634403525307,-0.9402576810232757
1.3724617070284426,-0.17144754942694324
1.1943412519816932,-0.15227217077383695
1.9859928185805746,0.5175648068019448
0.20976528205648326,-1.5581594558074419
0.7230807519050906,0.309457117278147
1.6838848660684322,0.11321585903948438
1.454718179041779,-0.9587447090546338
0.8938297130846398,-0.8052884624042854
0.9931278276788661,-0.4351722074026981
0.9388522356323895,0.15503484247882082
1.0959018744082958,0.18897852742752838
1.8914231682487295,0.004077849368735768
1.8361427262044854,0.2891391788870612
1.2228125981531044,-0.7175197007885015
1.220772839858168,0.7258477846729476
0.6971063512154524,0.08490042480386256
1.267836625134775,-0.7207698795351961
0.6549213905763457,0.36522280102718174
1.2536034128485882,-1.322122840356958
2.1389202067788595,-2.860343690606299
1.0645111932244868,0.18772493287561198
0.15149666287467656,-0.16691234235480296
0.36392374447774734,-0.8336403946817266
1.0812434845088559,-1.111645649982883
0.16268454038424823,-0.9616567428634057
1.287634424465133,0.13121638196015636
1.9927557157757891,0.6128607713701784
1.2545202337681804,-1.074009638079425
1.1297090792187579,-1.5065655828841877
0.9148888132682919,-0.5123111521460851
1.7091118711783693,-0.7804377263886834
1.6328539924626426,-0.3950807827696677
1.263547878159831,0.17491616627599435
1.311653127230249,-0.5996889359592464
0.3350353467677993,-0.741243308317567
1.084614192867666,-1.382881168406511
2.1652575264167737,0.7928020863098714
0.90930865542712,-0.576555141529199
1.654876715735809,0.63638194916874
1.3956291169599473,-1.0284327347276174
1.7499421784318967,-0.03562916390696732
1.7134924965904663,-0.41750672303331476
0.7159726900166601,-1.5222973008020442
1.9261766542590322,0.46039808859500964
-0.3604579757203508,-2.531632372707352
2.900780450656232,1.8282246702569995
0.8870186344997775,-1.2341940327380199
0.6856015427447218,-1.2548226936722933
2.0854448744059813,0.6484372795869257
-0.8863198324411661,-2.8383411704431936
0.725535037149591,-0.39437875686961005
1.2305454563806928,0.178076101218629
2.2150441600306037,0.15159496926355723
2.8977579701563414,1.4946343164956553
0.4993406386567887,1.1292986509576273
-1.0118329495294278,-2.445801821050577
0.8519298856680102,-0.5333542191310537
0.5531554051686685,-1.3898577372580982
1.0113796208973154,0.15762173556161774
0.470933227128346,0.03204956632371174
0.5789656224656283,0.043603667039687516
1.1523544308243183,-1.0057475961309703
0.28428344626023566,-1.3050639106723294
0.7844848867362844,-0.4407804133929627
1.3225407674396774,-0.20586425773119948
1.5465641254889246,-0.3964439712033085
1.2225831056210816,-1.2647635369444672
2.3804568207409575,-0.07457161950578577
1.9546849083567528,-0.37183543796629875
0.6554462575823998,-1.4794159795068857
0.367322909319542,-0.3655717182654766
1.807533004467515,1.229668724095005
1.6314345726199846,-0.5954711168444742
1.1175928427435295,-0.7334012236209608
0.6605792354597673,-0.7044837230791297
1.1231194464998349,-0.6720350304612989
0.8245801383285452,-1.53221604424193
2.4583482121774387,0.41446430286104935
1.617938141517914,0.3292576559591029
1.6319902463872498,-0.5530473230036104
1.0601224502486646,-0.40194871244009633
1.2523366363247765,-0.48436229512026246
1.1944445933321102,-0.44861562533307564
0.5859968735567999,-1.3767071809123639
1.617782951963174,-0.3119444917469635
1.7190886117765733,-0.10299802800310567
0.6234879272398165,-2.3521300532928455
1.7241348589785845,-0.28968509777308965
1.5111434269068662,-0.6357073322719026
1.1600506749756034,-0.9544591362822106
1.0400646248012544,-1.4451377776636412
1.2241415572002903,-0.9873988275716977
1.7931455174763238,1.4283438098998755
0.8523566153456309,-0.7605029228600174
1.2239931810863054,-0.2019709724711251
0.616837783455199,-1.2223392788817458
1.6885139192215313,0.33221757787732203
1.2703615944517685,-1.4206113817630266
0.23271682155540255,-1.625497662534941
1.34145960239554,0.2376590899047175
1.3708462263934418,-0.2632408571222144
1.3389885100858594,-0.237407473985746
0.8309065760466338,-0.9294024060221252
0.9781495653736092,-0.2332242856626954
0.8175015850662496,-0.7741521455804562
2.1864584068088546,0.7645290560606833
-0.6465484297551449,-3.1554475140080056
1.3647900157890387,-0.7993387435205767
1.8529446532938085,-0.14370061398935555
0.8264966582417637,-1.0664341950202163
1.028772727010997,-0.6612530662078675
0.9482168035839804,0.1798574258065208
1.6002920893667165,0.143814658113675
-0.37571742100784394,-2.574774573123592
1.4714713552093663,0.11146836632985853
0.8129468549379805,-0.5107499431206484
0.8364299369485111,-0.579566396751692
1.1143115705406563,-0.2860932784114243
1.9858889518289364,1.4395298856348981
0.5562746298138701,-0.29825633658609924
0.25884992297285625,-2.5348502538585005
1.0478059038783891,0.1606767230922137
0.2994460533928367,-0.6725818796678021
0.1800194302098636,-0.6226132714652634
0.98350187909311,0.10790489246859174
1.0983437707014776,-0.1849493409280648
0.5255297435879309,-2.2838189156257185
1.9885176706078715,-0.04576273184854982
1.2790008934619845,-0.2734254853008841
1.7274376870142245,-0.00357585641201273
1.3376586521821832,-0.7354452577811187
1.6016427959082102,-0.04664785894166227
0.884003176083784,-1.46536732562079
1.3583976554163142,-0.26852030080530154
2.4285338134361134,0.9209341876244217
0.8845674979177062,-0.35960258446536525
1.269257461309334,-0.07482340066030492
0.6183304356952114,-0.44510259427299625
0.8489430050472025,-1.1958877134046033
1.582353810409535,-0.049242537009443935
0.9599688571211317,-0.460636508337107
1.7233869247601232,-0.6519471233836197
1.6539097741543156,0.2940636976825929
1.4663189976658293,-1.0115288783203489
1.542021194678971,1.147634498722123
1.4421024918549594,-0.4266714758877326
2.220907196586636,0.8280141838213928
0.9945785936655706,0.7543136603571521
1.4747165825837207,-0.06683432855321027
1.3114390291170248,-0.036694370766442386
0.02579884003979821,-1.463671392801474
0.908454202893815,-0.2691029735758687
1.0479376642322524,-0.5667190320628999
1.7257352761397093,0.4310434749037915
1.2781771350548066,0.027112262002822036
1.1397662911064839,-0.5256910880218388
1.5655815503075718,-0.6875217516823647
1.213468937695432,-0.7833368425310753
0.6879037050937976,-0.40467598557672535
1.6376466603111173,0.22279415601727776
1.6254765047466013,-0.7197140731022846
1.4121719861145106,-0.8508923620316877
1.2034665539822091,-1.7358959192551604
0.3876079100364895,-0.8099056445106494
1.245803976709612,-1.0196201952133275
1.486980064172369,-0.32556429529987674
0.8991398610743576,-0.1634733034088909
1.6020517152653393,-0.22485339759531886
1.9140069779381848,0.4039914151282005
0.8765284668389253,-1.141857610860039
0.5799916584489279,0.2629079580399445
1.0306605301947622,0.12989278062889187
-0.5011769834837174,-3.389644776323455
1.7876374607453183,0.5517226851294279
1.5827170547729317,0.49397161990645766
1.6637003164382227,0.026816892670679406
1.6468858903093915,-0.9508129328417302
1.678398128140619,0.09598278436598795
0.5599183825805687,-0.7874809140278692
1.0269720859161426,-0.1299769196355626
0.7304021265911729,-0.9669452823354163
1.44835557276624,-1.1976135691046108
1.393613862490763,0.5398518378185743
1.203509928307925,-0.5414658374826322
1.4005516407725125,-0.4967223210715118
1.188877313615221,-0.9968051877791408
1.142805992026402,-0.5348346052987569
1.5403031421626185,-0.3821633988574819
1.5771618136607293,-0.3666021949522474
0.9206842855861304,-1.0405472689552615
1.016800095417352,-1.399456319888871
1.0940872230212044,-0.9678497985334465
0.5288378581577683,-1.0788615243676407
1.3032418476097964,-0.2705952838589471
1.0659156739643822,0.09333955617707626
1.1415376048762067,-0.8191269904555878
2.411509769456808,0.582743747377565
1.1294636727245169,-1.9660671424784522
-1.223756407348728,-4.207777274334809
1.133600267520034,-0.9338318547659107
1.258055975832067,-1.0410627087012407
2.244830435600761,-0.529489549419769
1.3141133292579863,-1.522563373333719
0.9314806668736753,-1.69805397381777
2.7627312433833837,0.9938155527101951
1.5088256436264267,-0.3937103996275927
2.6566175542620605,1.5306077680068506
2.138178625103845,-1.3926136106345348
-0.5921532668135444,-3.085232306721011
0.9711377773877174,-0.9541830725574959
0.8886943136260492,-1.538196310741919
2.1595970895064216,0.008045664651204687
0.23362225337319523,-2.208829707035574
0.49880826727626515,-0.29058390765753395
2.1169014962417396,0.45594071688644644
0.9727323216836903,-0.823426828496935
1.216294896338309,-0.8890337154150898
1.8355489978702082,0.33417632297646716
2.026522289281693,0.6710789755230011
0.7584134413371868,-2.0742290262965444
0.783984975774618,-0.08231062513441893
1.6972477573872855,0.3334174965300323
2.948894380376157,0.6657641645598814
0.6073205208465529,-0.2285462642377862
1.5415392755971489,-0.6204452219588453
2.102872115447652,0.5604117827171611
1.021496283747881,-0.8107108947333765
0.48057570049294907,-2.016715442843984
1.2623036874455802,-0.7650480277164713
2.0397762275987326,0.8568027359743081
0.46264465214398787,-0.5581940693471611
1.6694257723678458,0.09236402173149709
0.5289197443019997,-1.844874262049465
1.3582168581407037,-0.000659549037993078
1.0372279679319727,-1.210480343023866
1.308027055289243,0.13821305664868885
-0.4018574921522871,-3.992805418370745
1.9257543777691781,0.2447930536206793
1.5445861328466302,-0.6594274304048856
1.2011101511376665,-2.1166237145560434
1.5890870151618108,-0.4928011795356369
1.0178516344806448,-0.907569915910805
2.0609773414447714,0.9341488380616233
0.2511375490446661,-2.4774462903031447
1.278862179601363,-0.3345840723277815
1.3156272146681562,-0.22746962622079278
0.68021944184908,-1.1218683116335166
0.9367665986814673,-1.216443802159386
1.5694552513189157,-0.04425420521587789
1.483517662627247,-0.7857503460700064
0.9965209149477272,-0.8979137461544245
-0.05554974365482827,-2.143023559217579
1.1823139519232815,-0.6917721524206747
1.2797406728788376,-0.6796173400597684
1.7972908422756704,0.051750019440838575
0.5479709560388158,-1.6494271065932262
3.2608977272499877,2.353331143237872
-0.3757228839603638,-1.8998984941580102
0.43596274131451085,-0.7414083296628491
1.0299126966873073,1.6249709652880917
1.9531820730568792,0.7585030400928585
0.9069172160285207,-0.7852021869958724
2.080190549439423,0.7320478994875173
1.112837816072217,0.10617018574628316
1.24138312489748,0.08974237937611498
0.5986172327235783,-0.8246728486750473
-0.15999528609542335,-2.167919229516564
1.0525294298295502,-0.07874520481518515
0.8868956746129983,-0.9062559598974756
1.6988003011320705,0.2943822397484011
1.4200510114735332,0.49977914337056545
1.1798296457461113,-0.4146946878517952
1.1374335477648247,0.07199337749629765
1.7252841377944133,-0.13555932511452926
0.46543644217569247,-0.37568092984940166
2.0498748100010826,1.5133940196588378
1.5028989413916924,0.529791537132662
1.6588135816901495,0.9851890034518063
0.7078996010337039,-0.9061466676528666
1.5016027965417018,-0.09212650280164428
1.058588158165963,-0.058422972203958694
0.8258875188311319,-0.3582558304256159
0.27070975198317043,-0.8753853752431892
0.22979193893228161,-1.3473567027377644
0.02632998181634543,-1.0798816467494272
1.357396471284657,-0.8610631166645205
2.6455818994872664,0.6062664118728306
1.4102699798678662,0.19450530475899036
0.6371867428261374,-1.5575700516907727
0.43286261031657025,-0.6332455833824848
0.7079374503880191,0.46354261520511253
1.9825811626419039,0.5690535308507872
0.7958421425863126,-0.35524452193174955
1.2831546352767373,-0.9224268305201783
0.37512864185911565,-1.5486730106396853
0.7021250240132422,-0.7106548279634441
0.5936269091091199,-0.4824992542829953
1.1551270062935033,-0.054228794755836335
0.8927123558701708,-0.2398331870557572
0.5325641021747303,-1.011758277672077
1.4740847412461509,0.3491564215866596
1.3065563381083067,0.0696096913264438
1.2454517973387118,-0.18935205592598447
0.5899297937371728,-1.5116919137220237
1.4784746657939845,0.08113752903436404
1.7764008411244878,-0.03549623455613905
1.0894303060663055,-0.5618756414903352
-1.662807612867107,-0.5827355811220624
0.8129463883621254,-0.2911024367305334
-0.8508515624716021,-2.949693021065276
1.0079495615827088,-0.5577015560587723
0.7982758311951821,-0.3386104118166815
1.3503995636602333,0.5024621630073174
1.9415220482534479,1.0217774032452474
1.6584753808989399,0.41008941694538625
0.7220773130853662,-1.332993225295894
1.4333370858945518,-0.5518607742673783
2.6666013174932495,0.37490180657473776
1.3718546470191932,-0.37976489102242533
1.8815589410298328,0.35503566173990075
0.7426921160599259,-0.8183767180303958
2.19435434652017,1.5620771860348592
0.6738155265716657,-1.1441544832866972
1.5955286246311986,-0.1838508005120493
1.194971285562304,0.054563097358979365
0.46766094140883474,-0.9190715951743567
-0.12557140114263257,-1.8438076563487302
1.752610436948732,0.46250741961707675
1.7464295507339143,0.5620915534343606
0.08891991185324773,-0.6480731508196714
0.6048872496694409,-0.30573867368374985
1.9338332567911083,0.5338860883083979
-0.7299573876379755,-2.4055838238982714
-0.2125558076567683,-0.562627802685658
1.9938050511754137,1.0189712791205083
0.23431558301326036,-1.9110288329313214
0.06049268982429261,-3.4366974923514393
-0.24310341958895992,-1.8399571477749308
1.4776232423565552,-0.28069385841254785
1.0101320589839067,-0.12234918522305428
1.6911939428783138,-0.03388759014474281
0.08411811496550446,-0.9398210780467005
-1.129446370173627,-2.7052352823634034
1.7402754469896233,1.0439601406416208
1.9323744921829376,0.2335693225285314
0.9084732306973297,-0.4157727775560387
-0.0400145510320179,-1.3653495285161708
0.9521033605680973,-0.2606595761791138
0.16258771581231965,-1.9299633145680553
-0.2797295380681674,-1.3930097116057572
0.32568632812914844,0.29110887192619195
1.0306394519033706,0.44245984436746466
0.4704257479744299,-0.022206261470584535
2.2482783487165223,1.5902401003396536
2.3170290876684425,0.333073890815832
1.69721608849964,-0.6920491523119208
-0.11392798471843409,-2.5408331101446286
0.6157893640217748,0.5985501433650078
1.3822520660482904,0.5397557748261111
-0.6142513287166608,-2.454978095460516
3.9325501087799815,0.9117028346722321
0.532407145098942,0.6883354689150576
-1.1628023389944286,-3.254511667608957
0.2530907650141246,-0.6313564207672535
0.4363515476774514,0.16188745340120217
0.9673580522250982,-1.2111822316733356
0.08108414601678712,-0.28589454060246633
0.27882918005784463,-0.9825551383078928
0.5363334624088423,-0.8572210801824354
1.8583379035757346,0.220414218793074
0.9262854308579983,0.2747223814190183
1.0040074850997638,-0.2152802961788518
0.7727864921892831,-0.313400219721249
0.7337306850432014,-0.44711972959854024
0.25272389475667606,-0.9470472744112829
0.7005756928774362,0.11001291550032351
0.9521137746621855,0.272738326887638
0.9250226252932479,-0.21197728072166763
1.5138786143709233,-0.8004561081298907
0.6627080004706294,-0.6160605205988121
0.36662863330181833,1.6829924766059707
-0.5738121584863263,-1.0485812811739534
1.2496654122302107,0.49878330933036225
0.7313083706807345,-0.37203127288795435
0.6209470995856702,-0.08729415819928162
1.0664092024372582,0.06156473233040769
1.3386089595571409,0.39592654336098243
0.07055288791721945,-0.012571747972475818
0.93246997240601,0.09013199071400799
0.35130911049594993,-1.1153787953910401
0.8433769911084413,0.5390560740550933
0.929352088215246,0.5239428789066336
-0.22263791429845348,-0.5150821182143525
0.5892713974052132,-0.9242249182153179
1.5056380932135838,0.0768961269871797
0.15863297756657793,-0.2614561388385874
0.11894380455272496,-0.8458874294633195
0.6986591774833063,0.3149914145888099
1.291728489011134,0.5470951656503494
-0.005355928947808332,-1.4298390066789959
0.15962935049101223,-1.2362222469592588
1.688169120497177,0.34163281949748875
0.7200242957271148,0.0187061092779903
1.3307418672216083,0.21560988839299894
0.7240471331176481,0.4478649757425793
1.2648287419550026,0.7146366621655574
0.12896406659206328,-0.6425150247800564
1.605448170534107,0.8195208254568608
0.6035601453963622,-0.5370074049790518
1.2598243076133206,0.5452975189041804
0.7805492907490644,0.2547697014850651
0.1917389372702807,-1.032491374142424
-0.2766022732800912,-1.018215378881146
0.34539366827353624,-1.4599231077434194
-0.8667392650313935,-2.3123193734842444
0.35173827179981987,0.564015341930024
-0.1263385833379359,-0.8476118544165538
1.2404440077017405,1.0576262865745143
1.2460020246803005,0.6145160171873599
-0.15975366501349697,-0.4263181192229552
0.34829395577933525,0.15045793389448417
1.3181942264110014,0.3911402847680016
0.6161448447206359,-0.24908539147808897
1.4336453551223889,0.5615239741975061
0.29099260145998773,-0.2616990369817131
0.18659875164231257,-1.1422181656480408
0.31239381843907105,-0.9967486896656376
-0.6881871597861315,-2.2781782830618185
-0.11688228277748344,-0.19103855583064613
-0.018924399908020983,-0.06343252668525241
1.1965777375098803,0.15959394867502408
1.1220935756575103,0.9768814330569595
-0.07409316993568357,-0.847092531886212
-0.014480115845931025,-0.5727963767023276
0.3536149892978785,-0.3564943204190263
0.2460077125442824,0.23510256769895818
-0.20102173386633515,-0.1491600415652374
0.5570335531331095,-0.1468055187263057
0.5893301943654888,0.00214724484744744
0.959700538051249,0.20890498335379806
1.8974286460187242,1.0546043249070003
1.821062839541464,0.43009841581344455
0.676507991720324,-1.4157087897560534
-0.1117078786414733,-1.2619381199210937
0.7542014797050219,0.2711402907219517
1.2966071930632548,-0.08436585766489954
-0.3498640743768478,-1.3846091409818273
0.33698604474665456,-0.053039183086495696
0.015134407388045223,-0.20810567141771133
0.12448002239063553,-0.06506768850057634
0.742150224144616,-0.11903898452780137
-0.014183128461820111,-0.5164522261054822
0.0042580894118986485,-0.15854112021440517
0.27820269002268505,0.06283659069803826
-0.09169137532261452,0.16450300767328144
0.41190562069978703,-0.13698903383437783
0.5155830350269718,0.28823916955725326
0.06341996112121169,-0.14750432646079323
0.5616975992121777,0.3994384616297783
0.6932447143939388,0.3975207757394511
0.5026409912249131,0.1565225641415242
-0.21543461724471727,-0.5700145042231297
0.09001424831715477,-0.3253533821213187
0.8716707598312354,0.7039250341099011
0.09215723037792319,-0.3020800990356184
0.07932907283112585,-0.2114062069691751
0.5562723765089845,0.6157434060586868
-0.05444001949437876,-0.8766282277670512
0.42651614042739655,-0.053171240421309024
0.8031289064728865,-0.528674395261131
0.010435044959585447,-1.0908664489178603
-0.14948661764207855,-0.8834785279802408
0.4173596047940425,0.14394547413474712
0.3200562877575586,0.17580256816380396
0.9594494288240033,0.6384658319650942
0.4785961779298506,-0.27839697751215364
-0.7678777296193262,-1.3854844780375617
-0.18847011338852082,-0.8761044918664561
-1.0111228058351085,-2.1885376717192018
-1.1000400553178267,-1.355545590049433
-2.367525008201596,-4.257120244948159
0.5783629416385524,0.04741553708630757
0.16064993502149058,-0.07831050377795759
-0.5266948830706469,-1.6369535206779666
0.28396252339736655,-0.14993779516135994
0.741948260248787,0.47207161163937245
0.2888685239899197,-0.04922429547272532
-0.5460883983154095,0.2438201226015107
0.042030959273302256,0.08986421184864499
0.39121525878494107,0.7737876552140719
0.9928952147728071,0.7664032861394311
-0.7013173833683451,-1.3262307684889927
0.160577421588216,0.288852062650258
0.3445098110824693,0.09310804551556996
-0.00697642507651808,-0.3074376482679112
-0.07918647526149368,-0.20749066720477696
0.09119639187010727,-0.07054392844782911
-0.02812002280499628,0.18701959988648773
0.3284064027280497,-0.061593670463197775
0.8350637356682702,0.5414818131703307
-0.19763387534351265,-0.6552808099796948
0.08270715934985848,-0.8058507185121166
0.947263584117346,0.5663940946858012
0.9627299975779652,0.3002455500748987
0.10726236249082269,-0.4422389142050409
0.37834101885526467,0.02091196846165314
0.7295199372444428,-0.3445642363046334
0.8222791889485872,0.06449140405382296
0.276804392268364,-0.3638072346031304
0.6023196327015815,-0.15748562272642794
0.44032971462707443,-0.021458120608163555
-0.05202130529805645,-0.3986616920476118
0.6431652940418693,-0.3758649344285049
0.2684882506180029,-0.004109609952459351
-0.21433253246377115,-0.20056891297243082
0.3056027358756827,0.3769775878780876
0.40037476562416235,0.7451682578905384
0.46101546565093576,1.9894380199721244
0.46747050433164633,-0.44782744123310986
0.7115326352156115,0.7121544613525362
-0.11856628148818679,-0.8194519928894013
0.07900299391095678,0.3306199252834889
0.28574865002644284,-0.06058815210150241
0.38363049945574107,-0.17809482792828799
0.22119395269926054,-0.5700877082489595
0.8010429851074605,0.7391876842082269
-0.11810751374433351,-1.013920995100077
-0.7517576891001301,-0.1814682419744367
0.14185661817063117,0.4270175187865819
1.6731169168837974,1.4560132403739727
-0.2936789038056394,-0.9021862136042725
0.37590402716238064,-0.6095636482055805
-0.21167677329629353,-0.881649161478437
1.2793755686859827,1.0159526597292992
0.4655429825897353,0.007895307613814847
-0.6097102615709188,-0.8407857549778442
-0.633932602712473,-0.36251549633687274
-0.6023149898258853,0.08973365248942664
-0.5981185571948641,-1.0910390697913839
-2.304247206652589,-3.061418467974297
-1.5882077713046716,-1.799043122662891
0.2878652131220609,0.6774582415787193
0.9142601837923163,0.48840568894054925
0.9347168386878623,1.010326125022732
-0.1128049867835603,-0.1175622188523962
-0.027559960834244255,-0.04914797209948291
0.21422273878278897,0.10954366332057872
-0.4259122368275906,-2.0447153495525194
0.15433488872608953,-0.07882304253504409
-0.5111368878029142,-0.9935775487519458
-0.1492998288413527,-0.3992074229862015
0.13107073348250015,0.23410770583329316
-0.3721295859161225,-0.6305976901830966
0.0296646427468418,-0.20463468113866573
0.28881454888049823,0.5208519406544152
-0.2024471068665642,0.1773244099368725
-0.0017758295535287864,-0.5305207821670486
0.14441584773006177,0.2539276061138715
0.077970428779908,0.0046776423771433045
0.19493152531918284,0.09340884715136925
0.3393544853914848,0.22651332115577394
0.6985118722194592,0.5108651709877118
1.2143871872393261,2.229100072915602
1.398865557262156,1.2904838624729613
1.1132955185304474,1.2044814298502122
-0.03268388365108514,-0.4378661274030312
-1.8994117751561381,-2.501599117082438
1.075598785142332,1.1096529316640336
0.17156205146040474,0.2207267007288521
0.9244751246603294,0.6054649530681824
0.8216929927664269,1.146614436331649
-1.1731777886075982,-1.5855875757393516
0.3624098822285798,0.26012900355353347
-0.5850097614953519,-1.4612612846690871
-1.222240212106758,-1.8241658735378257
-0.34902634998905196,-0.47363294207359596
-0.09535106905379492,-0.6300615048644675
-0.4452503673128686,-0.6617226812595177
-0.1208549520879839,-0.30537178619172767
-0.06633793491479681,0.3438158087641245
0.08832688264784808,0.20399986709907164
-0.10827819469247163,0.37618514328184033
-0.15349885181823134,0.06070817102744462
-0.32614035429311944,-0.6317330018703982
0.6767420579819138,0.6301374871491285
1.2115131895457496,1.6683876998511324
0.20889310039573988,0.2339262764968924
-0.3597919248777069,-0.5707588397351506
-0.6575930726784462,-0.769168272018092
-0.2050512184643348,-0.2464312243687226
0.565491418331425,-0.7444634437605765
-0.5907121697546277,-0.9464239923276844
-1.0367346597256824,-1.5858403489176296
0.726609454782775,0.7244778626562206
-1.0926254223580518,-0.8202080620828408
0.4829438157638124,0.5189914813294428
-0.3225925591433744,-1.3310581794127896
-0.40516289226736835,-0.5816477303808526
0.3524539803723046,0.1796510800187203
-1.270436032706517,-1.8884166921114127
-0.8982422035359188,-1.4557637778942656
-0.5379896747079744,-0.3850719386540736
1.2410194996054176,1.3587168352144474
0.8688064988306183,1.0236032846970395
0.17906468800737702,0.3327607112166507
0.5324993606067685,-0.322819801245304
-0.24123298543155614,-0.37627916769950437
1.5197358316145613,1.3525544691084768
0.31684402348352236,-0.08327214041603533
0.19763211226650765,0.14401909168840932
-0.1117397763050358,-0.751789289830762
0.6552648067158936,0.5350200359222744
0.5385583332281039,-0.004003905583168956
0.999867801033023,1.2272959635820158
-0.938038761357224,-2.0346609977453447
0.7057723984108109,0.46990708811752746
0.5298282982913993,0.7969596916750384
-0.08535678296872064,-0.4481438466879792
0.2448690366321914,-0.09534216803334288
-0.2701036361429722,-0.7372729706096074
-0.00888813252264742,-0.12307746400442741
-0.6007287993974699,-0.7821425643670377
-0.07044945828765743,0.19018864660587892
-1.6491088259791686,-1.8511093747026273
0.23791381597180097,0.4223932589882587
0.6241867179514895,1.6994911950374698
-0.24656297655784787,-2.547480111572497
1.3306107479109182,1.0800044666573785
-2.3165432357780165,-3.0558045374284872
-0.4615434602526051,-0.6425718040919539
1.304657404846088,1.657098128050097
0.12433625651985315,-0.4086560700481099
-1.661263957076481,-2.933237088022847
1.3536320884061468,1.538252095768509
-0.9398219118071899,-1.9663181109202281
-0.5799161746058847,-0.4724392629848454
1.4173477099036738,1.6227104201637659
0.979594984082853,0.25697151895878256
-0.08942928774990669,0.32269232461113
0.12544233339977323,-0.06195659342403742
-0.11254182986189652,-0.18673314630271853
0.5833361090319975,0.48164433576297594
0.3915750214949539,0.6365836978391921
-1.0960804634366192,-1.1295897984523815
-0.7705174841527265,-1.0217256922155133
-0.07071858395246876,0.9929962046453948
-0.3020596008861843,-0.15174961351404662
-0.08564763016103386,-0.04169620114419144
0.45778461093978656,0.7991293194757115
0.8173144280331894,0.8881797369505119
-0.5992460280691293,0.4192134710735275
-0.9123998891547226,-0.7110004977380548
-0.1513689654354954,0.35266653733848347
-0.25572420611455354,0.28803919769568126
-0.21871833161870918,0.16601444348693023
0.3808051944325505,0.5641184920398018
-0.207647943192588,0.0643807006345314
-0.05663141629914857,0.18736038671154567
-0.25589061559774556,0.01993119625381607
-0.584231506148494,-0.5077887928703019
0.3294785901067489,0.29265002706730997
0.08664267352281096,0.37861488307710733
-0.7121225170354999,-0.588351494038384
-0.16919161214449496,-0.1191549452232359
-1.0029924607090843,-1.0755704580754282
-0.014642201508915924,-0.4050364142937168
-0.6018272404225391,0.7666099699565645
0.6415276385805058,1.3919683410829813
0.004088545384007086,0.41796283211871155
0.24857155988361976,0.42281096488509384
-0.41095791573971785,-0.2722391684424434
-0.22077032767996238,-0.6530113440597313
-0.8988387368880726,-0.6510181451801565
-4.856739203788647,-6.758589770967391
1.8183533484587273,1.7722576494593207
-1.2673040626087941,-0.7333261707916746
0.35588311079658874,0.7400917671445149
0.333720091755805,0.10277372935357484
0.5000748891530706,0.10945134050048021
0.20339256702251077,-0.11804434157500782
0.3369628609759353,0.3693131647729007
-0.4114468288956041,-0.5574311391980097
-0.3647676668653257,0.16569829906482023
-0.06155896622553024,0.2972595510464525
-0.11909260317274947,-0.21626934285657148
-2.0220509273356337,-2.68280216665435
-0.5199793930695623,-0.010796763933759142
-1.0120916431312028,-1.4670829878142613
1.5822145049508207,2.3221038751343563
-0.524119247393837,0.5340071481678796
0.04163306150811557,0.4614644220244261
-1.3065492147465458,-1.3787194706870456
0.42895792367481267,0.6593969240559852
-0.42867894532501166,-0.26037577022209946
0.16903308631700076,-0.21860277102583384
0.26420841796880884,0.17294200264591464
-0.43847563726023886,-0.9658771717705783
-0.7797117707635096,-1.3959041723989114
-0.08975601922866985,-0.056715238596752086
-0.17036879201748498,0.05896964467985371
0.7778509766841921,1.2728271550757386
-1.307905166899276,-1.4651875513429413
-0.9026109569653715,-1.0018948432163923
-0.4790239597143026,0.0768239707584255
-1.0066125493925187,-1.2548142818348487
-1.324795325846032,-1.9785055101901836
2.125730261931227,2.360900302178626
-0.20883233552795255,0.24125139117056232
-2.022146108041837,-2.926212980817261
0.23264402979067045,-0.5008055619208933
-0.901521916778886,-1.456685533011567
-0.9988559862645647,-1.8097566287192746
-1.1154113266135517,-1.6761575842197227
0.18905584361490213,0.7830157553325836
-0.6028479893526247,-0.8781015336562183
-0.6985856158360769,-1.6503006871104733
-0.39716812396763534,-0.15015999438828093
-0.27141053700675166,-0.9491392817259696
0.7568650269972302,-0.023753454459709313
0.008701498167036586,0.16099255588485273
0.007384095322064314,0.0966801723897639
0.18648056661033263,0.38688195240195417
-0.8372744715137643,-0.3945584887322188
0.648453162254967,1.0157339917668142
-1.3533740599491662,0.10526479520829908
-0.29575508080864915,-0.46832517968163134
-1.6228445647678102,-2.164116048122255
-0.07570611484151382,0.31390413104013615
0.4930196321053289,0.5321896383088538
-0.7617261834056748,-1.3662431949954679
-0.36112279355714366,-0.18835414945504675
-0.18158420107205425,-0.38016351292884304
0.049736305666479505,-0.20889795018838064
0.15285888312521848,-0.3618923383470509
-0.062402169956844146,0.028665585673399586
2.100724565796749,2.4060821861830646
-2.168603830752611,-2.4497466917310295
0.5402691972601952,1.5650429495297304
-0.1405586641331595,-0.44174344364804263
-0.4653255038103587,-1.1973013111425213
0.33482293816898134,-0.6860508325853646
0.48778941061753905,0.21731896806408157
2.267716747729018,3.092064892826405
4.9977686404151545,6.230174033188244
0.022843328932457187,-1.0159888590526267
0.5565417021190373,1.3535105203909072
0.5353821132992032,0.8713182852435132
-0.21235571493221528,-0.049337656487688335
-0.11809515058494979,0.5574112889630791
-2.3154138524039185,-3.0272742839135516
1.129891197464823,0.3757050620313668
-0.41460490015311147,-1.154590177529866
0.8117099192624472,1.17947244081409
0.1801993351765429,0.1539333670532199
-0.2740919213189967,0.06277581840064543
1.5031992566917578,2.2508155819756865
0.2596543241504741,0.02560208078491102
-0.21554145514283038,-0.4150055285486612
-0.5063757989515278,-0.6321060752108874
0.06401586722425184,0.1947412001020123
-1.3223626818465715,0.6619167067559764
0.28648107732289285,0.835700731670282
-1.3895274492263352,-1.3035388172589957
0.16795623894932937,0.5410139957185991
-0.005769746086770182,-0.33037776313136485
-0.596018916953448,-0.3070434795090182
0.07899368616396224,-0.1919172876668775
-0.22184077907197491,-0.2851515775677622
0.10161614547560373,0.39516639639028844
-0.02675432424643034,0.058377989024763696
1.6443059217733882,2.0320034190673093
-0.44824593154249764,0.7207371896756593
-3.134612983767968,-0.7633622713333718
-1.4619064697355977,-1.9723804682213488
-3.034043221723751,-4.392835309320492
0.8666983791840395,-0.23262038318507972
0.8643438671226861,1.7133946466649237
-0.24948763245523609,0.2533810542617025
1.628428136992486,2.031608745066484
0.945969079732545,1.6731631532061908
-1.7028236690640937,-1.7529690274794083
-1.5848772396565518,-1.995087685773659
-0.0449873476468026,0.8496536044486279
0.08482073121897489,0.1429429548071287
0.008798495127418947,0.2479347891281389
-1.2597784999452986,-1.2623410499466787
1.1094462128572677,1.3876200141156252
-0.20974333054132252,-0.39570845113659425
-0.49982289997161367,-0.08441674003939717
0.8147902267965482,1.2424610993897394
2.065257701059993,3.889590458294651
0.2012114635742288,-0.3799359380604779
-0.47420940075094153,0.051399436919314284
0.002194490146396452,-0.7167944427058227
1.2052328003345147,1.2759742077586267
-0.11048311912657022,-0.6910604688382082
0.550019417094031,0.7185369854528623
-0.8402058979919432,-1.5318782899251098
-0.1114103610163384,0.17474066235984914
-0.3213452365460538,0.3840314964881335
-0.4222903274906003,-0.17904311451941693
-1.1604509058101264,-1.3696377511722924
-0.09216594521059299,-0.433552716325347
-0.7037190171801098,-0.42935421690943915
-0.33862996511721355,-0.21110340453428506
0.10034213010003347,0.25117169275989876
-0.3497891527844001,-0.6972837374078646
-0.17411639451893088,-0.41950802353149647
0.4682796381853173,0.6606568116587812
-0.7405762137755334,-0.7890855052123353
0.5304440357306356,0.9204395304347115
-0.35496212744005906,0.24279273024998163
-0.06596942110759284,0.24320166422461242
0.8407177371183265,1.087293453970625
-2.055811290654975,-2.1780544951813763
0.9291806332597571,1.8282204958144954
0.10473107031471063,0.4240485034611281
-0.0018876384945522148,0.18732639441262183
-0.6952797841196807,-0.4240725772423018
0.17203531603771596,0.03883566979576387
1.533819683924689,2.1360519516884104
-0.38083377708575294,-0.13765513244995775
0.6092732136698011,0.9562187568109534
-0.8662455151175447,-0.8129844398050166
0.28442533565861855,0.15085678679093073
-0.28141362860087926,0.21756669006600204
-1.8308878984209604,-1.387528191155962
-0.9331018636413828,-0.8230443840062471
-0.00986581696763088,0.4645907866445859
0.148695201703398,1.2214818732606598
-0.9431788912038599,-0.1601186442731197
0.6052847130198777,1.2410903841653547
-0.04224427430695011,0.30152013087468443
0.06514076466998836,0.6226615692338775
-0.5806116300657467,-0.5868949326777274
0.7492650457751496,1.1720128125148042
-0.21308312786071454,0.295343057822353
0.30983197559318865,1.2777684991900042
-0.010260933559310518,0.26958532628175286
-0.7835487922919517,-0.6476529154915144
-0.12699827750901724,0.3361879348867889
-0.05702950846133049,-0.037912123152164655
-0.3978007846693003,0.4864661793204853
-0.5275944805837448,0.11298575042165442
-2.6101594649070106,-2.392558151250895
-0.14532203986923745,0.48723774941307063
-0.19906527158553258,0.058245377932131505
-0.2117713617944163,0.27126401671855455
-0.22272518390754648,0.15962961448574925
0.05385955377703623,0.1623791648365705
0.26426452397633865,0.2658681126566852
-0.30875060266151244,0.04661040935781312
-0.2786475635965716,0.07805374510886719
-0.2692075756637844,0.10420330919660035
0.30390465014122287,0.38548192136520865
-0.47450803879963604,0.08666059996417846
-0.18692508808047056,0.5245242605062688
-0.08134287974392977,0.3000444821532119
-0.4959878415576364,-0.18658042848685108
-0.4809658197419427,0.18221676236468207
-1.2813474470437252,-1.078686547388605
-0.9937119231975045,-0.7364175812315351
0.42690634144246037,1.1209789366822367
-0.0338059547519507,0.8704244676826114
-0.09118550493430647,-0.2878553972605932
0.5348724074464206,1.433879972526827
0.3494384851740867,0.6837583138988236
-0.5103117937565335,-0.4768019035044703
-0.8327260589621519,-1.4313831148142417
-0.39707586667190453,-0.2922314077332647
0.010978224359276667,0.7636382226644597
0.12988840391323012,0.41462725396187455
-0.14648347605490478,-0.18624212647622634
-1.559448706728247,-1.2171920285170421
0.12904676906392887,0.40160153500313756
-0.9324520243348441,-0.4823270749917971
-0.1991013355053984,0.42483091795566735
-0.454489772220108,0.24837453215773547
-0.2764393934518442,-0.06482486680822894
-0.2927332243589718,0.04254009178309299
0.014216252541789643,0.8377257508835037
-0.2973764653665398,0.2633061780103965
-0.3551793707583761,0.26504545048833067
-0.2582610533880377,0.028808268556904593
-0.3463779133557753,-0.08235674821677852
0.10852102324637977,0.7558623713292346
0.011147432589898367,1.2612634882380827
-1.011120873741316,0.9513440379733789
0.4975868837614016,1.010866897534182
-0.6501912219954692,-0.2062407374692577
-0.6054519729748041,-0.09002007910225224
-0.2624567756310126,0.5447858076446892
-0.29527425383302147,0.38334610757250015
0.09725649184016716,0.7011578687136097
-1.162852618874955,-0.8731217798912089
1.3835381908400608,2.224757520688154
-0.5752835908318485,-0.2504890717433429
0.2991993953974792,1.1350409318777042
0.2504265312175528,0.8191853249352964
-0.2924897379482404,-0.15335581678836366
-0.8207407829515324,-0.7281175601410304
-0.19419066195013818,0.1884804582000482
-0.4837323228721212,0.19257355109119945
-0.2692215143144734,0.16989319444092574
0.49002801287931463,1.0292467714364564
-1.070258706405979,-0.6698949804388771
0.24470021107241405,0.8083970504584451
-0.07086653826986616,0.5676482791291452
-0.05411505684278585,0.30873524242809175
-0.10955633351008867,0.6017963186614772
0.42696051455137973,1.2802108208243477
-0.1599327831411209,0.5806631008236938
0.28198137771651355,1.1303920598520834
-0.2003908623088187,0.29825422736936563
0.4022293627373216,0.8889292529215175
-1.153513817071032,-0.1336412061663291
-1.4306908551382909,-1.0789732896957016
0.43365220025003537,1.4280342908228263
-1.3740340878050803,-1.0821644965932826
-0.07446848737462956,0.3493804514985333
0.018805517016639534,0.6948836844418473
-4.1511777434363335,-4.959517495108547
-1.7041642172747282,-2.0969032250255992
1.1257864570275067,1.7597178514027045
0.32315270990139544,0.603993768077626
-1.4900318180119678,-2.242141929648666
-0.11207321669487436,0.07838406489306107
-0.3077581659091749,0.561694704069058
-0.5730179008577939,-0.2264398303577637
-0.12058072519052368,0.34938842441962265
-0.3709226676091373,0.0676409440480071
-0.8840384257195311,-0.7021528111236992
-1.209377831137723,-1.2770658963530361
-0.8270491949510972,-0.9832982260335011
-0.3514960265168439,0.8125914886272443
-0.4546261497910775,0.07550001019434048
-0.42211857858808916,0.3522977187638271
0.6172258812570156,0.25499508007719274
-1.0080547536906026,-0.43142164940369165
-0.3926759222396468,0.42942861121714504
0.9744566755553697,1.8634166810483404
0.41774319723397735,1.2781323106355813
-0.671452042886088,-0.08309453673791743
-0.13512130536633646,0.9518845943758498
-1.0384776142618928,-0.9167806485906977
-1.5193279080475903,-0.6510558984396287
1.8688382586796457,2.7037073849187476
-1.5214795254376443,-1.9987711390066594
0.953501998284423,1.2984741918494505
0.2359320669998992,0.15201755300281453
-0.8042536717028195,-0.5275479480602563
-0.08302306487034558,0.8481588075621969
-0.9376591387331316,-0.6972612310311622
-0.5832402586331028,-0.31997495280462035
-0.42549976071993484,0.5175685527887344
-0.5488746818891541,0.30892535756015516
-0.6739671938002095,-0.1986576649912089
-0.05918916465552068,0.504192356159014
-0.6379428656962888,0.19753371679650644
0.4663250680501151,1.1119380438559314
0.07804129079314269,0.8788701909317033
-0.15954893548713692,0.6898594286338582
-0.5072961389743191,-0.09174548992263655
-0.621273548712131,0.08563590428480108
0.010715739950742905,0.14538888388105814
-0.6557625710453407,0.12760463568277433
-0.6871555133295616,-0.6778102833265891
-0.289975249123267,0.7004191716928824
2.638328720119349,2.418098275053141
-1.1890927048648827,-0.7936539995620114
0.4500410670986066,1.7880723452707403
-0.09496107700158335,0.9315074210919548
0.13509550688054944,1.1894470533029375
2.196392264123972,4.229547607568256
-0.593571028476369,-0.07956771399412198
-2.0502809094497376,-2.4162087511701236
-0.3311481647262031,-0.4468418854858027
0.7568164548123765,1.8347167624571876
-0.546264151945216,0.4828869138045474
-0.1344754149158856,0.6391408456891348
0.08075538533730993,1.0323786490834634
-1.0659841550857552,-1.2421321258407085
-0.040100035450192584,0.1378835986459171
0.009991299564341154,0.7987632279248703
0.0201930621004271,0.325952097107282
-1.6258311303052344,-1.5395553290524788
-0.5884776292403884,0.3412143110747618
-0.632564855112963,0.2434976674756604
-0.2147797192031118,0.17616447742460747
0.4763789500381237,1.0767723694823355
-0.13799477282615083,0.9791955901671731
-0.7533849413905649,-0.945338192169646
-0.7487698169197945,0.0018756277520906967
0.4432248822332892,1.244786854429344
0.1795239579394457,0.9741334011626239
0.36556036771475225,0.8670873705554833
-0.28561610430173545,0.395320894137097
-0.4583083073521337,-0.1443282632120618
-0.9156726420426267,0.011451732227267792
-0.03733589437253584,1.0398384887652439
-0.0976000292067222,0.2533739458510482
0.44914626101402133,0.935557644945578
-0.2515897596548909,0.4791920708904837
-0.38640923696668306,0.5488170004435731
0.7694958502222006,2.0980377378946797
0.4903917298198632,0.9849670304434763
-0.8510882178789568,0.3297170051570939
-0.14917502929234597,-0.06431931541668627
-0.3089797760987795,-0.23378910898836697
-0.46427471826843897,0.5107532648200902
0.0988837679593253,0.7873450202929277
-0.13085247026781957,1.03292309511081
-0.09103914568745947,0.23835331804120138
-0.6852137363715569,0.15720313547265233
-0.8474532085480213,-1.1724201083588628
0.09108190528672593,0.8212329363404514
-1.8492231277849713,-2.7001586930886083
-1.0963791751820984,-0.1811568391716517
-0.6026925127159717,0.028109203429975
-0.4163990674511717,0.24780277513377116
-0.06267892270413943,0.6744916868209341
-0.7733710867363065,-0.6417790448451198
-0.9942144963927287,-0.2087514586021814
0.5082002998558847,-1.408911492106766
-1.4274332781312358,-1.5950379421323262
-1.4705181088274228,-1.2264650483505297
-0.04442473124565318,0.4371571127363028
-0.30834661348325865,0.13212075447079982
0.48788278070554963,1.3039275930833445
0.8959845831874504,1.8743357216613725
-1.1219138676152656,-0.6089034588662545
-0.7502981699868501,-0.24724325333992558
-0.3065736757588903,0.05766133700678611
-0.4763401123928602,0.6193388737358092
-0.4189314591450341,0.8929619778777701
-0.4650674652608228,0.36008505212192377
-0.3821286596492118,0.7162728140566798
0.28575524720136514,1.4271252127804663
-0.5046695268316815,0.35621259562205976
-0.5610066595515342,0.5510498628960977
-2.119339273982863,-1.7547860954644559
-0.05445146403066041,0.9158462972574165
0.2495826670538126,1.0761290189926638
-0.4004308964933875,0.661816737344881
0.09828780840631907,0.5031679512497597
-0.8735988250934511,0.1298577303694477
-0.21201385522421368,0.7686774196271349
-0.5388381585330766,0.3187874768389985
-0.46438633628192216,0.6858314852542191
-0.9274751180256798,-0.8780929330793418
0.009760713068075242,0.6756055941518215
-0.33107928472462295,0.49245361314310876
0.4755278095073936,1.3001309715434377
0.18953686234560455,1.2194613032315018
-0.27309413863000276,0.5343165289931421
-0.5463821751407147,0.5804538134711872
-0.06202236110831224,0.6543709807489779
-0.7233111630799639,-0.4165327245883239
0.28978360729816915,1.2291672611699176
-0.15194766698651754,0.5260210714894105
-0.34555716843594375,0.644119182228414
-0.5376101329424777,0.18270802545601814
-0.3534697307227699,0.5982047570787835
-0.8512628779905627,-0.6736152141429685
-0.04874942783606759,0.5556528452654814
-0.9777935826769606,0.12335591628355047
0.08254815074530257,0.7248807056265649
-0.34923291942875245,0.3624402047314039
-0.4194143043654346,-0.10636453055657742
-0.273751860274938,0.24933913051436232
-0.2170785357662025,0.16013010125965774
-0.09664950808597239,0.464986306368313
-0.30571105304957874,0.2856976379866406
-0.33789318780003275,0.34790740094784106
-2.9340107661968755,-5.786900968332721
0.6330884567374007,0.04852024808390682
-0.09548352048336047,0.6029417587521257
-0.033628914579692824,0.3305255802974145
-0.8846694446475124,-0.3044412493378991
-0.6482853715828633,-0.0255552912805026
-0.7284656544248481,-0.22597608486210713
-0.4759013285192977,0.0012714689401753035
-1.0939578960911978,-0.7951798379412288
-0.1671298679358162,0.6508845197816069
-0.509728510277036,0.5239765795481695
-1.1628197952102592,-1.0268971421010002
0.40932148279020003,0.9326483128715661
0.022349916351506943,0.25397698000910923
-0.7204521621274287,-0.11802050993820534
-0.46988918770427784,0.2924491202676228
-0.3777243864218505,0.5449560135017586
-0.7030814422534477,0.06393763222477626
-0.44284836782725057,-0.3164326287479953
-0.37051360923732185,0.5077204992557103
0.5665970971402445,1.225729944579477
-0.9627396528390018,0.2553110581726765
-0.41629358680439515,0.09794091609261697
-0.43072507049265074,0.4032480010943372
-0.5925345448955862,0.1447812331340372
-0.6632815386059043,0.326274316015684
-0.2969408866747485,0.5879691409187642
-0.2981395562761825,0.6230655282172597
-0.6147207064818274,-0.02971895150583229
-0.7237093333753497,0.3167303332213743
-0.4306951005665888,0.37784707395148814
0.21635013763331581,1.2522197382282672
-0.5686597024968129,0.5807548493310581
0.12353268779653809,1.1126387531788036
-0.8181680161350097,-0.1608861716182073
-0.01574827298577208,1.186605393872807
-0.4092559837771029,0.5642059263983749
-0.4432292892664548,0.4846637839741119
0.36834063267558,1.1047244576604405
-0.4149686463873974,0.3131514818728982
-1.3270040509709005,-0.6176641022875942
-0.7370748030087652,-0.6637681047182075
-0.28029510878074293,0.4590684461050132
-0.25573079763643725,0.513970646926661
-1.269342912796216,-0.09149073989508956
-0.5905220138919138,0.6690852508073931
-0.14507506761602854,0.497943144180198
-0.8307070495060889,-0.2126391267875842
-0.6319669882014229,-0.18234866297135705
-0.7578298742097923,0.789634300932565
-0.8985430401352658,-0.5653891275717117
0.7780303371535086,1.1460080877440606
-0.2158678737309552,0.7134076772344258
-1.8811644576222146,-1.574027330719826
-0.21666354010350966,0.7965425339379272
-0.7897902569812797,-0.6868730788872318
-0.7078194265763879,-0.03469072032757652
-0.9569169496978533,0.2611066153215818
-0.9884354729696723,-0.39089743014451994
0.026975417609099276,0.9352276409621035
-1.53377293121605,-1.007721247664448
-0.9757629150479508,-0.7598161897145259
0.28330784954520427,1.1437580877553453
-0.33917142354793184,0.7643985277107918
-0.6674755650923329,0.5245736604670741
-0.4361721565579026,0.626701316209273
-0.2670754318396573,1.0479037606060828
-0.9396169571287366,0.05406772241488501
-0.056266620846509484,1.1390173466133438
-1.0572617938720885,-0.5407119355850344
-0.8060546328132469,0.17545244608577798
-0.28385588725191324,-0.025724999010111778
-0.6053121957581905,0.089305183876768
-0.3491166887532445,0.4805371426419516
0.018910458745672765,0.8086410189662301
-1.380689164597901,-0.32966924175642004
-0.40794525790828834,0.23273619332624204
-0.5160910340864977,0.7028707594563941
-0.5716736300639952,0.2295162134240527
-0.36532748552170613,0.6493409929138038
0.0942490177878544,1.0066282586448678
-0.7433527432488767,-0.05416694710082976
-0.48052940107449865,0.006629189532312701
-0.5706872518868598,0.10155219996268282
-0.3116228820396389,0.49447475969493393
-0.8125065257430804,0.10843672583879596
0.11327707784503162,0.9787449210759452
-2.234652146608651,-1.4760812576968625
0.8107993599059926,1.7928103898814707
-0.27563190859374137,0.032607987925520554
-0.5551355262192254,0.2360306555370315
-0.33355033745335866,0.3411358404940934
-0.9854315227893822,-0.8748344154837978
-1.3331675442960431,-0.38620020372917035
-1.2622286362649675,-0.6886315080925768
-0.8189198611971538,-0.6191477412852318
-0.6183200285242942,0.07468326010845136
-0.454666595493385,0.5822134953924941
-0.48530012290741864,0.2922918402956928
-0.9183357722405577,0.245499335352324
-0.9120107718789842,-0.16724564856756238
-0.15205155394895437,0.735826096134367
-0.3219895535736202,0.36968838573109486
0.8620357721239112,2.042938111388347
-0.7538926351562378,0.8186089031379092
-1.0816571017533967,0.2872708214477192
-0.33450265665027595,0.3529738873140045
-1.258901482813065,-0.811886217178068
-0.2496215788319872,0.6446281211724522
-0.1969451929862675,0.9469729846095908
-0.27082241380395633,-0.254852481299576
-1.4143852385794795,-0.6883008761319717
-1.7442961206272787,-1.9479339296335993
-0.2147058130577552,0.29810936102327384
-0.4992301904204345,0.7154689534330464
-0.2807025862599662,0.9252123224320451
-1.4998411868896178,-1.094287249179127
-0.8681514216868317,0.14485784000143426
-1.5016962024649467,-0.8330713776626555
-1.1252086222420334,-0.2446440849227507
-0.7839398428884822,0.18002828910491236
-0.1582299646314252,1.06926205635142
0.3988026339536141,1.6481614651834195
-0.9983074244572954,-0.0397913255963404
-1.0041527083600679,-0.7239014988415546
-0.18205325152593468,0.3896180027856796
-0.35826824453202744,0.44446054103715416
-0.39757156094261614,0.19985810302338883
0.41075663800663276,1.1727240186587005
-0.3712040358061068,0.5729487111526791
-1.0649301798108066,0.1509723075709788
-0.5860031924259249,-0.2623471274091677
-0.9436132935708622,-0.2530332679949991
-0.8833823495957827,0.15107076628715596
-0.8303882387030426,-0.14306229711455912
-0.5240322112130567,-0.16713534307342723
-0.3226780065774388,0.6208273033706528
-0.43673200979664195,0.7341880290243937
-0.580081872945198,0.28136712351144916
-0.12122319732147535,0.5361403008781024
-0.19751034951059035,-0.3124765353595006
-0.9521635065615123,0.035566889067311154
-1.1304545656799065,-0.6614737087431352
-1.582889044294767,-0.5874176704428375
-0.02905401212861371,0.9090144973232662
-0.5808761947802042,-0.15380147799991936
-0.02926529188168955,1.1242899993548032
-1.261334727330951,-0.7507991038467973
-0.9531687212638174,0.43073816096550593
-0.7781813370049893,0.28339931183123634
-0.24052102837057934,-0.09184080931346884
-0.8127110521175823,-0.02685595822514519
-0.284157287375022,0.2207745713566528
-1.1913464477803168,0.17015627570132746
-0.28639073431989803,0.8662521302034565
-0.7886076309966641,0.3084870395740102
-0.7618833124611206,-0.2931929244764792
-0.20466575409668245,0.35807417188689095
-1.2309149309914438,-0.5266862583190358
-0.10694760913952532,0.8804768587420542
-0.5639417658115313,0.2356307436093192
-0.3834547107085189,0.49142176441979823
0.3528594811043734,1.4601322060472364
-0.465352826781561,0.9915414018394756
-0.14475439245558633,1.044669313579411
-0.5276584044798682,0.4190132740315718
-0.7824835200857806,0.2519224295458478
-0.16092539993646182,0.8275386978605083
-0.7750964768051289,0.06700123303947929
-0.3051091435314401,0.5650612284466915
-0.8422949245654561,0.07050335398283974
-0.4749517026086971,0.6055930726088071
-0.1302931798653115,0.9830608545646359
-1.7869926221768697,-1.3488824972695004
-0.6950956695941937,0.2675511145753664
0.12339897629342943,1.5863666390595235
-0.6775764398780553,-0.13987644364410362
-0.8442007917417119,0.31541344689220124
-1.2276367227907574,-0.5025579529474979
-0.37951517238671045,0.7633193360634669
-0.5082368053025584,0.4820496322117514
-0.23690483387202474,0.5994685586899926
-0.926126934878619,0.1013361600805884
-0.39751723652615745,0.7472041695141615
-0.3505137896839182,1.197905091236039
-0.5597696888706499,0.5052471640476586
-0.532310293337412,0.17119773863756782
-0.5946919961921969,0.5329296195063179
-0.4454493674885035,-1.7311014439900805
-0.5336248291569599,0.043828468324014894
-0.9085820992858437,0.6335406578959457
-0.5353323125410788,0.4093855320520325
-0.823268955895572,0.6622869409753984
-0.9045196986295765,0.44095051814180697
-1.4360977692298948,-0.515999940295019
-0.9541112109219346,0.1567513733695916
-0.9653146359667443,-0.03368270620663488
-0.5753827112476457,0.4641258003164001
-0.45289615003031214,0.5226559564444847
-0.745417075003252,0.23453822689461595
-0.49983525548654545,0.6131253999906565
-0.054821905015416166,1.1339869945424006
-1.0680813277733578,0.15697615439509344
-0.5232203497806265,0.7677834800628066
-0.6737746144088457,0.8435340406591328
-0.9365830344397594,0.1441434025716625
-0.6076552738325394,0.4636515385887027
-0.7743054387303752,0.7552569761202643
-0.704888616206764,0.6329460688374866
-0.7148024486301645,0.6497079131298593
-0.23424567013611236,1.0097621484505002
-0.8656805020585823,0.4279029849792009
0.029745902856436145,0.7122203409619032
-0.20986211382604303,0.3949173191875663
-0.8134399590979511,0.2281765637267569
-0.5933160903040208,1.0751280637452147
-0.7212872469331782,0.10056667336796093
-0.7371569653137051,0.109782503709948
-0.5015640071403582,0.15108128727274206
-1.2359059612087127,-0.11419623285092313
-0.15061631518721028,0.777068432688678
-0.7629511741141375,0.10049534750949662
-0.29667171761024613,1.0018495945478418
-0.6004527687018738,0.4075383050373766
-0.5056049568329416,0.5733533819188368
0.27041061739182326,1.6510344638735626
-0.7003449952611293,-0.051195914122701094
-0.5428796064084764,0.4380149110330971
-0.2785135743169065,0.6394186987583169
-1.116657808340716,0.06462965700831724
-0.5442085226181865,0.8480302950083703
0.01339073890455285,1.988512464948717
-0.6465823086419538,-0.3433335571502696
-0.0654564339283694,0.23033808091080782
-1.0036270046651752,-0.18552170958641365
-1.0561097736330558,-0.16288978467478482
-0.12123118316162082,1.0054510937222207
-0.5240151830424683,0.08749839804637778
-0.5638745378648384,0.26913654783829655
-0.42591281756269117,0.38868471488628603
-0.7243002055480133,0.15066387253805252
-2.030153526437686,-1.3235546356366927
-0.39005888781274584,1.0335321824146961
0.08090893536642196,1.0432662990941448
-0.3091095922704074,0.7597785825375685
-0.11536219455113561,0.9648407496171998
-1.168294629146438,-0.21481538141858
-0.6221770193776462,0.5630864786070805
-1.168383422849119,-0.4890282935496117
0.354503533741594,1.5716169577004964
-0.4041761353745754,0.8518623282231302
-1.6669688126347877,2.5426245754828862
-1.1596505718231223,0.17532405800422313
0.029196374453799488,0.03990965381081057
-1.335622311502682,-0.8079653041221632
-1.2948555818463359,-0.3778629241241088
-0.5434234271698539,0.8639666308645494
-0.28619473504131837,0.30036404546654943
-0.5830889472018568,0.2416118038003521
-1.3603765617286583,-0.47194454318979207
-0.7416571728715705,0.5098620173099159
-0.4337411586954486,0.7013492558888001
-0.3282685221178265,0.38837977582470146
-0.8480383655376924,0.4594280196355648
0.9771089382024005,3.632324394552798
-0.35020129756107116,-0.9811060139114054
-0.3901995009331546,-0.034996987614851156
-1.7974673874274127,-1.1930351296578845
-1.3862688998165225,-0.06123649531670236
-0.2598988250288649,0.7253862731201669
0.601765093385871,2.402258972011423
-0.8214161930418592,0.04136467012029826
-0.7142056017027807,-0.4436963898093549
-1.286038398919566,-0.05620918388470142
-0.8399125298218447,-0.4408610399255365
0.04390779251978597,1.0438548515586072
-0.44991797213343376,0.41811546389334336
-1.2218778336067453,0.11271944966565187
-0.22891317159264363,1.235835138358672
-0.35449642889436794,0.7462506509545836
-0.31820792620786825,0.6138575926439153
-0.6234634451386368,-0.09888420497967498
0.1906198429336739,1.742272953126567
-0.8640561815838164,0.15053784462527614
-0.4119007413489949,1.215843333506979
-0.3007366371430529,0.7488162474933517
-0.43058158181284084,0.7863739161365437
0.12885467391506364,0.7713553157538675
-0.34177997910511015,0.6048994201563399
-0.7038758728178541,-0.29037714909277057
-1.6224933059280147,-1.4269117080485065
-0.8545891185194502,0.4208575008189203
-0.7966790154782306,0.6886506350242279
-1.041162873921227,-0.09773898629273514
0.12483415358878883,1.8490531878286314
-0.48388294625932643,0.3668050511079613
-0.7897376660900576,0.516699870299163
-1.0123774798589078,-0.16928302168628928
-1.113092285304154,-0.06659993821547747
-1.2208828569817023,-0.27409365851799705
-0.993430031943245,0.4681573692353886
-1.4175307988210586,0.265211645869448
-0.09632775264282492,1.0253048721914604
-1.0283274539243545,0.21787087456712662
-1.1502438822566428,-0.0433817099777592
-0.340753405100417,0.8583678869316913
-0.3015913946530278,1.0009529076395622
-0.866483345849746,0.1104831798696878
-0.43184077192927545,0.7735427285982538
-0.1539670473672072,1.3506303401130328
-2.0417001308270897,-1.3644751415773317
0.21885139535720408,1.824239794133355
-0.7671256824000701,0.547920627044659
-0.8236623489051218,0.22074216933234833
-0.4356596149092685,0.7249693705665053
-1.936994398305764,-0.7328721748026948
-2.3094736135636733,-1.701904768802608
-2.7542568178180087,-2.050061895735662
0.4277182948990301,1.9566775421722935
-0.8580546336363983,0.1923012572088948
-0.7817694574757934,-0.3757641137747903
0.0887678872870383,1.7580388561846387
-1.6404477220257014,-0.5838030450829308
-1.185760315699582,0.40850833899506067
-1.8231471491384093,-0.9712358453893263
-1.5722900524143342,-0.49642803788325435
0.670684259361213,2.1202312632197975
-0.6559731813777572,0.05715849287652319
-1.447736805371036,-0.4799518127458992
-1.440826605028913,-0.3544103187604015
-0.656546450993546,0.23268654961417679
-0.39943234056093047,0.6805780634761399
-0.3553302545049267,0.5961861010723613
-0.798733244234302,0.28956658544973246
-1.6079192649635854,-1.250439553476744
0.7381230091303036,1.8199591603080425
-2.046747785801733,-1.5089175323744266
-0.2178250412227141,1.118868770192571
-0.23604237524272512,1.2729575374384077
0.035649853350428466,1.047989674720984
-0.42003519553200713,0.5093940111227799
-0.6858365754976995,1.2429003229759479
-1.117049374080147,-0.27100910038626497
-0.723483940479076,0.29467784293119514
-0.8274618863550509,0.3761118765318006
-0.4724429542817124,0.38112308903405634
-0.8800696470194757,0.5342562814875599
-0.22755153605163062,0.5867140235664754
-0.9076891451565416,0.3540941846997622
-1.2372316151663476,-0.2504902556446993
-0.2434920622327438,0.9627113685666675
-0.7775252469590174,0.9095551691098948
-1.1644832347837681,-0.41039380100018363
-0.010217203785351714,1.3924545177996286
-0.5586916199461763,0.627713492778508
-0.0941491882959849,1.8977561794301379
-0.9820455048925089,0.46798511742682725
-0.859426545666143,0.8032405473267075
-0.38540340452302413,1.628858868165045
-0.18681137846688473,0.8197334127793305
-0.36636194316268356,0.6726281756200001
-0.9661008380280101,0.29191741596803045
-0.16803946474875156,1.1989047507344033
-1.195808347468525,-0.07356364902939665
-0.9101223126136204,1.1519575485498112
-0.04898807684330144,0.9769077316860681
-2.1611082815021017,-0.2941690405331477
-0.0530539167394603,0.8678529121709773
-0.46387975522626446,0.20146818116048734
-0.574280255234092,0.7719548798140343
-0.7234973403057027,0.4813343185682874
-0.5038417801632901,0.4917542266933488
-0.8506617789267996,0.07972888065733336
-0.6812267332260407,0.1750574304839224
-0.9993526803939167,-0.27976531919206893
-0.22069906216521368,1.265883350968544
-0.7532111607133669,0.8964214473188246
0.4214266341904716,1.8043975017889633
0.050064992144457865,1.2556653885440323
-1.1863009762248573,0.5968223159168128
-0.24647686864746965,0.7448272024649957
-0.00966584783754005,0.639645836400042
-1.8580818644156236,-0.33128542676496897
-0.09926843523367648,1.2540017420400242
-0.8760195929544546,0.06851915788525888
-1.0336323065038477,-1.4709732765869772
-0.20599142725021277,1.3716503485205098
-1.8302480052979317,-0.7519511785127161
-0.008296009752814283,0.7629414883725353
0.5272776946250757,2.020057596485785
-1.8325691416865917,0.9348402393017022
-1.8176335255361677,-2.0951636297213683
-0.24964035897751,0.936926573121275
-0.6325374265313893,0.5350036555381137
-1.1797115567823273,0.5096064213352968
-1.3943227178124764,0.3975701483446249
-0.8027629106175492,0.611765044502165
-0.8392441152649909,0.4432807622075797
-0.467462569243322,0.9628351795342912
-0.4581067703124402,1.1612806189797529
-1.1990614152733357,-0.018629248181316546
-0.2908526121258301,0.7517019843941171
-1.3492038871872372,-0.4260258305022079
-0.4669079868769242,1.0328591137504224
-0.49307587787755486,1.1317279613435218
-1.025466309324176,0.24666733615091924
-0.975284242913223,0.48438549474952136
-1.4421661631504554,-0.8134191808097273
-1.2572459999027708,0.6224590015337071
-0.9127233610221125,0.988640802088715
-0.7174965786039378,0.8180230381063798
-0.815280731116653,0.793224584261425
-1.0068232908389805,0.21723291261502994
-1.5527407450119228,-0.3120833493031604
-1.0370495719349344,0.05306778723138325
-1.2704076750059936,-0.16685397318419
-1.174501583886944,0.4205253011951141
-1.1657188185012854,0.24896679725466211
-0.5400792235234334,0.916145608773421
-0.8361978126060369,0.7436050809561874
-0.5490277423999469,0.9397095444857726
-0.9651644697369927,0.20424354381764687
-0.478159079611154,0.24423767765510687
-1.7268056823334084,-0.7141942703911767
-1.2025559008181188,-0.03900696956924972
-0.6149008274661713,0.685019743653831
-0.32013993169699706,1.3603609992490573
-1.7620697811082984,-0.3780406874197534
-0.9313991344759173,0.4135468033606217
-0.6243125801658659,0.7841071571367131
-0.8455400381321603,0.3412202668371749
-1.5310518862091562,-2.3724291950754015
-1.4839269078519617,-0.276116028200609
-1.4993023885093821,-0.7228993269947613
-1.3635659652387537,-0.43281776332466326
-1.2236053405353458,0.25896446247299887
-0.26201737072235715,1.3099413788000602
-0.37156505282169255,0.9834751831804688
-0.7021313840004771,1.602338988352449
-0.5544541927215212,0.5275114113651562
-0.3314467258509733,0.8062146479606452
-1.2080408873627362,-0.012357938569654118
-1.1282141790255635,0.280012718310215
-0.48179178295514236,0.6063319163325744
-0.5548614590695827,0.9829930921069256
-0.8630660997856158,0.27566660719603214
-0.8709145846744231,0.5690916372809652
-0.8853698666482371,0.3576344435281343
-0.2977570381105732,0.6789239661046682
-0.7815739848881111,0.7083960240770822
-0.7679067730881823,1.03855363935583
-1.0648294979476336,-0.08468890930161685
-0.32425512529138834,1.2248396312997405
-1.2737876601634142,0.11383384540757056
-0.3410630670406188,0.9497099352383079
-0.573945541299581,0.7029491687269389
-1.3548439321491432,-0.1825908838164324
-1.1952793645211366,-0.2505365821173615
-1.2447298723645521,0.3930485949203906
-0.9092798000593572,0.2543531777378901
-0.37211636795454944,1.2990244411169387
-1.0061145481301146,0.42951042047512245
-0.6963407227104231,0.717986588922859
-0.833540429233071,0.5217208370459766
-0.7307885571967732,0.7860126712267889
-0.44999143485079973,0.99650681710286
-0.3082500564953978,1.2837493201425008
-0.7223703108360354,0.4671681690315109
-0.778852273409912,0.24313613549942728
-1.1751727393627027,0.43160740885878907
-0.14409295362532867,1.4496062219513302
-0.625787362291551,0.09565831460165355
-0.9413937621459288,0.11297753935517182
-0.5298606416644089,0.9378604816163494
-1.1866834069222547,-0.16987992517666914
-1.445866651144735,1.1787732363795294
-0.1733206856393857,1.8333842847149566
-1.0012929845486904,-0.11358319032437143
-1.3813502665430388,-0.7063121916991125
-2.2847476493766536,-1.3582699348053333
-0.34190326231932766,1.3888457092050337
-0.647884877122879,1.1368730472755597
-1.6370064661523291,-0.41582486948634695
-1.240148301328259,0.22672442442972018
-1.3142997008795219,-0.2953417018865352
-0.9823920951466657,0.09806278388567685
-0.517182220122346,0.7188693583124709
-1.2062169155557787,0.11505884607352172
-0.42805395649992345,0.5209690168913893
-0.7556198943923591,0.584457836573473
-0.7960148600958447,0.4083815020466351
-0.48240810178433136,0.9716204416902834
-0.8365879596210228,0.4514517734620483
-1.3333224558256178,0.06249960421452874
-1.468155544545263,-0.4236918558318632
-0.7152336807222162,1.0780703715034858
-0.7838621677727526,0.5232695632911827
-0.933196237665997,1.1777445609124497
-1.2132391930256718,0.4137815760702874
-0.501809315898399,0.7247656097584015
0.3009461740977206,1.6829092434281163
-0.34376519735495703,1.0458306911055792
-1.1314772978406857,0.2180920776822148
-0.5467322220060085,1.0163179013731616
-1.2204720551467882,-0.30297508703781695
-1.231834303904333,-0.09588252939816798
-0.09698898705820919,1.2750077956481705
-0.3277477509725997,0.6123529616804902
-0.7067884500041903,0.32124940785643835
-1.5921865245674354,-0.15350041710303902
-1.0631164055005025,0.2208418970698305
-0.7349018815808958,0.7873231736202354
-0.8069313854671595,0.9471358844009637
-1.1496153322894744,0.30219146304168215
-1.082323639630151,0.7734272295402916
-0.8606226127902771,0.8520460596088264
-1.3668588803020931,-0.0009945451208069492
-0.7674601331274392,1.103415070979701
-1.22811545763868,0.451509750683986
-0.46656910839850485,1.0221316477727316
-0.7864104426008556,0.6289764963416766
-1.074759063266322,0.17263663004505053
-0.7129316525822358,1.0019551704661875
-0.9677807820279365,0.7242452293472409
-1.5523956506735899,-0.33256315465845077
-0.903046851841398,1.0533361285983223
-1.1723192813059002,0.2500216666460208
-0.6045548770392019,1.1034203951590733
-0.09082477081370238,1.6801633281388628
-0.8514116128012607,1.0463907063171767
-1.0983847191270162,0.7751099272845056
-0.7017722056490004,0.8203588506731995
-1.4190466888056203,-0.21091291424873312
-1.2242411096956283,0.27876674047516303
-0.8509147474061319,0.7160443011778568
-0.7776219740954532,0.6752100802408798
-1.2412214686838783,-0.14652406146590258
-1.9160193426536811,-1.0097428095823944
-0.8599198833490461,0.7165868562821696
-0.4612174402248709,1.4382982626462635
-1.0093253606724744,0.5571341313889985
-1.2058599568028512,0.4245971447522661
-0.6204876327446937,0.890323616476522
-0.7781640225338284,0.4217175392046216
-0.8267194959500477,0.5952489923375984
-0.8947198858035599,0.7043155449999597
-0.7514968347282511,0.8375517762409568
-1.0121366317694396,0.7272634165455918
-0.9287342622935448,1.0529187185432636
-1.1040787372914411,0.013475531824563718
-0.7619052353983888,1.0420008878727651
-1.221584503250333,0.17193667097396304
-0.8623680428227211,0.6708422109015584
-1.1794000858994353,0.20829971346239734
-1.320672797829226,-0.30540945650264545
-0.620590163952682,0.2886641124091421
-1.8897389868379864,-0.5710518452760526
-1.0023588746013965,0.9949413937951973
-1.0101063121100622,0.9290464324192681
-0.7310938654243292,0.23128434785792545
-0.9334329517503934,0.6621915217697135
0.5198016986023242,0.28476300800514087
-0.5604779235376595,0.8848306697402687
-0.2569541821162836,1.237791319478074
-1.0245068120956697,0.45353237795915846
-0.5049153508730344,0.8730068967791585
-0.7947330643376633,0.2374390125235462
-0.5937025137825972,0.48813342604832255
-0.8200435554576535,0.41225621489173014
-0.8521941514599147,-0.14608088983726525
-1.6216306868366388,-0.6087618705082853
-2.704226660508255,-0.5866831357578293
0.10217711461305357,1.1724019503148304
-2.698213315697906,-1.9690360574731858
-0.32043354778625743,0.698929658687675
-1.0429099816356293,0.6157993547567753
-1.3440364207178046,-0.04646543306953801
-1.4243921529175794,0.04216614962463211
-1.5247040355322377,0.13990500894708094
-1.0662314635651569,0.5097892939466464
-1.2864954480611244,0.22811871624330954
-1.4654113904594737,0.13378094994085937
-0.9841333215929912,0.6860607664542349
-1.783631076537424,-0.32564256269501946
-0.6757525013040229,0.7255106922881517
-0.7226471259886149,0.8586275099860541
-1.124677912401053,0.23718680373148565
-1.4897050091002184,0.3673795333549748
-1.1632260086651012,0.06488680146415153
-1.65061910355183,0.015530493128300007
-1.5140839307909806,-0.21475695169169481
-1.387200204488742,0.4111507588704187
-1.0327524132571801,0.7260793820808189
-1.2368065764178793,0.6781148077174045
-0.8717835549185968,0.8967818726761546
-0.8933526352628989,0.8222386028937888
-1.2161557145442952,0.4680842992013352
-1.1510854446594225,0.17920761252813489
-0.7530231758599464,0.8388738633861049
-1.1594550603750067,0.35001032136106225
-0.8502099512376307,0.6708586096157743
-1.1651277073264688,0.8639796887987939
-0.8081887693673993,0.6751232850544655
-1.3419402282196589,0.14719362336036407
-0.7323734027392997,0.8853102629304377
-1.0484855123941301,0.49504837083015196
